{
	"format_version": "1.8.0",
	"animations": {
		"animation.autism_creature.walk": {
			"loop": true,
			"animation_length": 1,
			"bones": {
				"FLLeg": {
					"rotation": {
						"0.0": [0, 0, 0],
						"0.0417": [-29.75742, 0, 0],
						"0.0833": [-61.43277, 0, 0],
						"0.125": [-87.79264, 0, 0],
						"0.1667": [-106.88622, 0, 0],
						"0.2083": [-117.81262, 0, 0],
						"0.25": [-120, 0, 0],
						"0.2917": [-110.88339, 0, 0],
						"0.3333": [-93.39258, 0, 0],
						"0.375": [-71.48147, 0, 0],
						"0.4167": [-47.06492, 0, 0],
						"0.4583": [-21.3154, 0, 0],
						"0.5": [4.90722, 0, 0],
						"0.5417": [30.8621, 0, 0],
						"0.5833": [55.80135, 0, 0],
						"0.625": [78.84608, 0, 0],
						"0.6667": [98.79819, 0, 0],
						"0.7083": [113.75302, 0, 0],
						"0.75": [120, 0, 0],
						"0.7917": [116.11084, 0, 0],
						"0.8333": [104.51723, 0, 0],
						"0.875": [84.47276, 0, 0],
						"0.9167": [56.51071, 0, 0],
						"0.9583": [24.83266, 0, 0],
						"1.0": [0, 0, 0]
					}
				},
				"FRLeg": {
					"rotation": {
						"0.0": [0, 0, 0],
						"0.0417": [25.37588, 0, 0],
						"0.0833": [54.59001, 0, 0],
						"0.125": [81.52488, 0, 0],
						"0.1667": [102.43577, 0, 0],
						"0.2083": [115.47266, 0, 0],
						"0.25": [120, 0, 0],
						"0.2917": [111.66287, 0, 0],
						"0.3333": [93.54914, 0, 0],
						"0.375": [70.7412, 0, 0],
						"0.4167": [45.47682, 0, 0],
						"0.4583": [19.0625, 0, 0],
						"0.5": [-7.57243, 0, 0],
						"0.5417": [-33.64379, 0, 0],
						"0.5833": [-58.37715, 0, 0],
						"0.625": [-80.88595, 0, 0],
						"0.6667": [-100.01698, 0, 0],
						"0.7083": [-114.04707, 0, 0],
						"0.75": [-120, 0, 0],
						"0.7917": [-117.52572, 0, 0],
						"0.8333": [-108.39765, 0, 0],
						"0.875": [-90.55619, 0, 0],
						"0.9167": [-62.55018, 0, 0],
						"0.9583": [-28.13481, 0, 0],
						"1.0": [0, 0, 0]
					}
				},
				"BLLeg": {
					"rotation": {
						"0.0": [0, 0, 0],
						"0.0417": [20.70126, 0, 0],
						"0.0833": [48.2176, 0, 0],
						"0.125": [77.06666, 0, 0],
						"0.1667": [100.73185, 0, 0],
						"0.2083": [115.27068, 0, 0],
						"0.25": [120, 0, 0],
						"0.2917": [111.11579, 0, 0],
						"0.3333": [91.85595, 0, 0],
						"0.375": [67.691, 0, 0],
						"0.4167": [41.13932, 0, 0],
						"0.4583": [13.6974, 0, 0],
						"0.5": [-13.56229, 0, 0],
						"0.5417": [-39.74727, 0, 0],
						"0.5833": [-64.00765, 0, 0],
						"0.625": [-85.43349, 0, 0],
						"0.6667": [-102.94509, 0, 0],
						"0.7083": [-115.13296, 0, 0],
						"0.75": [-120, 0, 0],
						"0.7917": [-118.14255, 0, 0],
						"0.8333": [-111.01792, 0, 0],
						"0.875": [-96.533, 0, 0],
						"0.9167": [-71.61492, 0, 0],
						"0.9583": [-34.72163, 0, 0],
						"1.0": [0, 0, 0]
					}
				},
				"BRLeg": {
					"rotation": {
						"0.0": [0, 0, 0],
						"0.0417": [-25.99531, 0, 0],
						"0.0833": [-56.01432, 0, 0],
						"0.125": [-82.57278, 0, 0],
						"0.1667": [-102.84689, 0, 0],
						"0.2083": [-115.54094, 0, 0],
						"0.25": [-120, 0, 0],
						"0.2917": [-112.23534, 0, 0],
						"0.3333": [-94.84534, 0, 0],
						"0.375": [-72.52475, 0, 0],
						"0.4167": [-47.49281, 0, 0],
						"0.4583": [-21.09128, 0, 0],
						"0.5": [5.70696, 0, 0],
						"0.5417": [32.07615, 0, 0],
						"0.5833": [57.19876, 0, 0],
						"0.625": [80.14128, 0, 0],
						"0.6667": [99.68996, 0, 0],
						"0.7083": [114.03007, 0, 0],
						"0.75": [120, 0, 0],
						"0.7917": [116.92068, 0, 0],
						"0.8333": [106.73516, 0, 0],
						"0.875": [88.07469, 0, 0],
						"0.9167": [60.30372, 0, 0],
						"0.9583": [26.64801, 0, 0],
						"1.0": [0, 0, 0]
					}
				}
			}
		}
	}
}